cycle,avg_attention,avg_performance,is_break,high_attention_count
0,0.5667800737479949,0.5,true,12
1,0.6158896363815791,0.5035999999999999,true,12
2,0.659367753789528,0.5083999999999999,true,12
3,0.6992609513983322,0.5132,true,13
4,0.7372609513983321,0.518,true,13
5,0.7711840347229701,0.5232000000000001,true,15
6,0.8000637920701983,0.5284000000000001,true,16
7,0.8260637920701984,0.5344000000000001,true,18
8,0.8520637920701983,0.5408000000000001,true,21
9,0.8773788333812519,0.548,true,21
10,0.9013788333812519,0.5563999999999999,true,21
11,0.923379699910511,0.5648,true,23
12,0.9416490839572608,0.5732,true,23
13,0.9571656974534263,0.5824000000000001,true,23
14,0.9681549621491824,0.5916000000000001,true,25
15,0.9761549621491825,0.6008000000000001,false,25
16,0.9261549621491822,0.6100000000000001,false,25
17,0.8761549621491825,0.6192000000000001,false,23
18,0.8261549621491827,0.6276,false,23
19,0.7761549621491828,0.6276,false,23
20,0.7261549621491824,0.6276,false,21
21,0.6761549621491821,0.6276,false,0
22,0.6261549621491825,0.6276,false,0
23,0.5761549621491823,0.6276,false,0
24,0.5261549621491821,0.6276,false,0
25,0.47615496214918246,0.6276,false,0
26,0.4261549621491821,0.6276,false,0
27,0.37615496214918226,0.6276,false,0
28,0.3261549621491822,0.6276,false,0
29,0.2761549621491824,0.6276,false,0
30,0.22615496214918226,0.6276,true,0
31,0.2761549621491824,0.6276,true,0
32,0.3261549621491822,0.6276,true,0
33,0.37615496214918226,0.6276,true,0
34,0.4261549621491821,0.6276,true,0
35,0.47615496214918246,0.6276,true,0
36,0.5261549621491821,0.6276,true,0
37,0.5761549621491823,0.6276,true,0
38,0.6261549621491825,0.6276,true,0
39,0.6761549621491821,0.6276,true,0
40,0.7261549621491824,0.6276,true,21
41,0.7761549621491828,0.6276,true,23
42,0.8261549621491827,0.636,true,23
43,0.8761549621491825,0.6452000000000002,true,23
44,0.9261549621491822,0.6544000000000003,true,25
45,0.9761549621491825,0.6636000000000003,false,25
46,0.9261549621491822,0.6728000000000003,false,25
47,0.8761549621491825,0.682,false,23
48,0.8261549621491827,0.6904000000000002,false,23
49,0.7761549621491828,0.6904000000000002,false,23
50,0.7261549621491824,0.6904000000000002,false,21
51,0.6761549621491821,0.6904000000000002,false,0
52,0.6261549621491825,0.6904000000000002,false,0
53,0.5761549621491823,0.6904000000000002,false,0
54,0.5261549621491821,0.6904000000000002,false,0
55,0.47615496214918246,0.6904000000000002,false,0
56,0.4261549621491821,0.6904000000000002,false,0
57,0.37615496214918226,0.6904000000000002,false,0
58,0.3261549621491822,0.6904000000000002,false,0
59,0.2761549621491824,0.6904000000000002,false,0
60,0.22615496214918226,0.6904000000000002,true,0
61,0.2761549621491824,0.6904000000000002,true,0
62,0.3261549621491822,0.6904000000000002,true,0
63,0.37615496214918226,0.6904000000000002,true,0
64,0.4261549621491821,0.6904000000000002,true,0
65,0.47615496214918246,0.6904000000000002,true,0
66,0.5261549621491821,0.6904000000000002,true,0
67,0.5761549621491823,0.6904000000000002,true,0
68,0.6261549621491825,0.6904000000000002,true,0
69,0.6761549621491821,0.6904000000000002,true,0
70,0.7261549621491824,0.6904000000000002,true,21
71,0.7761549621491828,0.6904000000000002,true,23
72,0.8261549621491827,0.6988000000000001,true,23
73,0.8761549621491825,0.708,true,23
74,0.9261549621491822,0.7172000000000003,true,25
75,0.9761549621491825,0.7264000000000003,false,25
76,0.9261549621491822,0.7356000000000003,false,25
77,0.8761549621491825,0.7448000000000001,false,23
78,0.8261549621491827,0.7532000000000002,false,23
79,0.7761549621491828,0.7532000000000002,false,23
80,0.7261549621491824,0.7532000000000002,false,21
81,0.6761549621491821,0.7532000000000002,false,0
82,0.6261549621491825,0.7532000000000002,false,0
83,0.5761549621491823,0.7532000000000002,false,0
84,0.5261549621491821,0.7532000000000002,false,0
85,0.47615496214918246,0.7532000000000002,false,0
86,0.4261549621491821,0.7532000000000002,false,0
87,0.37615496214918226,0.7532000000000002,false,0
88,0.3261549621491822,0.7532000000000002,false,0
89,0.2761549621491824,0.7532000000000002,false,0
90,0.22615496214918226,0.7532000000000002,true,0
91,0.2761549621491824,0.7532000000000002,true,0
92,0.3261549621491822,0.7532000000000002,true,0
93,0.37615496214918226,0.7532000000000002,true,0
94,0.4261549621491821,0.7532000000000002,true,0
95,0.47615496214918246,0.7532000000000002,true,0
96,0.5261549621491821,0.7532000000000002,true,0
97,0.5761549621491823,0.7532000000000002,true,0
98,0.6261549621491825,0.7532000000000002,true,0
99,0.6761549621491821,0.7532000000000002,true,0
100,0.7261549621491824,0.7532000000000002,true,21
101,0.7761549621491828,0.7532000000000002,true,23
102,0.8261549621491827,0.7616000000000003,true,23
103,0.8761549621491825,0.7708000000000002,true,23
104,0.9261549621491822,0.7800000000000002,true,25
105,0.9761549621491825,0.7892000000000001,false,25
106,0.9261549621491822,0.7984000000000004,false,25
107,0.8761549621491825,0.8076000000000002,false,23
108,0.8261549621491827,0.8160000000000004,false,23
109,0.7761549621491828,0.8160000000000004,false,23
110,0.7261549621491824,0.8160000000000004,false,21
111,0.6761549621491821,0.8160000000000004,false,0
112,0.6261549621491825,0.8160000000000004,false,0
113,0.5761549621491823,0.8160000000000004,false,0
114,0.5261549621491821,0.8160000000000004,false,0
115,0.47615496214918246,0.8160000000000004,false,0
116,0.4261549621491821,0.8160000000000004,false,0
117,0.37615496214918226,0.8160000000000004,false,0
118,0.3261549621491822,0.8160000000000004,false,0
119,0.2761549621491824,0.8160000000000004,false,0
120,0.22615496214918226,0.8160000000000004,true,0
121,0.2761549621491824,0.8160000000000004,true,0
122,0.3261549621491822,0.8160000000000004,true,0
123,0.37615496214918226,0.8160000000000004,true,0
124,0.4261549621491821,0.8160000000000004,true,0
125,0.47615496214918246,0.8160000000000004,true,0
126,0.5261549621491821,0.8160000000000004,true,0
127,0.5761549621491823,0.8160000000000004,true,0
128,0.6261549621491825,0.8160000000000004,true,0
129,0.6761549621491821,0.8160000000000004,true,0
130,0.7261549621491824,0.8160000000000004,true,21
131,0.7761549621491828,0.8160000000000004,true,23
132,0.8261549621491827,0.8244000000000001,true,23
133,0.8761549621491825,0.8336000000000005,true,23
134,0.9261549621491822,0.8428000000000003,true,25
135,0.9761549621491825,0.8520000000000002,false,25
136,0.9261549621491822,0.8612000000000003,false,25
137,0.8761549621491825,0.8704000000000002,false,23
138,0.8261549621491827,0.8788000000000004,false,23
139,0.7761549621491828,0.8788000000000004,false,23
140,0.7261549621491824,0.8788000000000004,false,21
141,0.6761549621491821,0.8788000000000004,false,0
142,0.6261549621491825,0.8788000000000004,false,0
143,0.5761549621491823,0.8788000000000004,false,0
144,0.5261549621491821,0.8788000000000004,false,0
145,0.47615496214918246,0.8788000000000004,false,0
146,0.4261549621491821,0.8788000000000004,false,0
147,0.37615496214918226,0.8788000000000004,false,0
148,0.3261549621491822,0.8788000000000004,false,0
149,0.2761549621491824,0.8788000000000004,false,0
150,0.22615496214918226,0.8788000000000004,true,0
151,0.2761549621491824,0.8788000000000004,true,0
152,0.3261549621491822,0.8788000000000004,true,0
153,0.37615496214918226,0.8788000000000004,true,0
154,0.4261549621491821,0.8788000000000004,true,0
155,0.47615496214918246,0.8788000000000004,true,0
156,0.5261549621491821,0.8788000000000004,true,0
157,0.5761549621491823,0.8788000000000004,true,0
158,0.6261549621491825,0.8788000000000004,true,0
159,0.6761549621491821,0.8788000000000004,true,0
160,0.7261549621491824,0.8788000000000004,true,21
161,0.7761549621491828,0.8788000000000004,true,23
162,0.8261549621491827,0.8872000000000001,true,23
163,0.8761549621491825,0.8964000000000004,true,23
164,0.9261549621491822,0.9056000000000003,true,25
165,0.9761549621491825,0.9148000000000002,false,25
166,0.9261549621491822,0.9204000000000001,false,25
167,0.8761549621491825,0.9248000000000002,false,23
168,0.8261549621491827,0.9284000000000002,false,23
169,0.7761549621491828,0.9284000000000002,false,23
170,0.7261549621491824,0.9284000000000002,false,21
171,0.6761549621491821,0.9284000000000002,false,0
172,0.6261549621491825,0.9284000000000002,false,0
173,0.5761549621491823,0.9284000000000002,false,0
174,0.5261549621491821,0.9284000000000002,false,0
175,0.47615496214918246,0.9284000000000002,false,0
176,0.4261549621491821,0.9284000000000002,false,0
177,0.37615496214918226,0.9284000000000002,false,0
178,0.3261549621491822,0.9284000000000002,false,0
179,0.2761549621491824,0.9284000000000002,false,0
180,0.22615496214918226,0.9284000000000002,true,0
181,0.2761549621491824,0.9284000000000002,true,0
182,0.3261549621491822,0.9284000000000002,true,0
183,0.37615496214918226,0.9284000000000002,true,0
184,0.4261549621491821,0.9284000000000002,true,0
185,0.47615496214918246,0.9284000000000002,true,0
186,0.5261549621491821,0.9284000000000002,true,0
187,0.5761549621491823,0.9284000000000002,true,0
188,0.6261549621491825,0.9284000000000002,true,0
189,0.6761549621491821,0.9284000000000002,true,0
190,0.7261549621491824,0.9284000000000002,true,21
191,0.7761549621491828,0.9284000000000002,true,23
192,0.8261549621491827,0.9320000000000002,true,23
193,0.8761549621491825,0.9360000000000003,true,23
194,0.9261549621491822,0.94,true,25
195,0.9761549621491825,0.9432000000000003,false,25
196,0.9261549621491822,0.9460000000000001,false,25
197,0.8761549621491825,0.9480000000000001,false,23
198,0.8261549621491827,0.9480000000000001,false,23
199,0.7761549621491828,0.9480000000000001,false,23
200,0.7261549621491824,0.9480000000000001,false,21
201,0.6761549621491821,0.9480000000000001,false,0
202,0.6261549621491825,0.9480000000000001,false,0
203,0.5761549621491823,0.9480000000000001,false,0
204,0.5261549621491821,0.9480000000000001,false,0
205,0.47615496214918246,0.9480000000000001,false,0
206,0.4261549621491821,0.9480000000000001,false,0
207,0.37615496214918226,0.9480000000000001,false,0
208,0.3261549621491822,0.9480000000000001,false,0
209,0.2761549621491824,0.9480000000000001,false,0
210,0.22615496214918226,0.9480000000000001,true,0
211,0.2761549621491824,0.9480000000000001,true,0
212,0.3261549621491822,0.9480000000000001,true,0
213,0.37615496214918226,0.9480000000000001,true,0
214,0.4261549621491821,0.9480000000000001,true,0
215,0.47615496214918246,0.9480000000000001,true,0
216,0.5261549621491821,0.9480000000000001,true,0
217,0.5761549621491823,0.9480000000000001,true,0
218,0.6261549621491825,0.9480000000000001,true,0
219,0.6761549621491821,0.9480000000000001,true,0
220,0.7261549621491824,0.9480000000000001,true,21
221,0.7761549621491828,0.9480000000000001,true,23
222,0.8261549621491827,0.9480000000000001,true,23
223,0.8761549621491825,0.9488,true,23
224,0.9261549621491822,0.9496000000000001,true,25
225,0.9761549621491825,0.9504,false,25
226,0.9261549621491822,0.9512,false,25
227,0.8761549621491825,0.9519999999999998,false,23
228,0.8261549621491827,0.9519999999999998,false,23
229,0.7761549621491828,0.9519999999999998,false,23
230,0.7261549621491824,0.9519999999999998,false,21
231,0.6761549621491821,0.9519999999999998,false,0
232,0.6261549621491825,0.9519999999999998,false,0
233,0.5761549621491823,0.9519999999999998,false,0
234,0.5261549621491821,0.9519999999999998,false,0
235,0.47615496214918246,0.9519999999999998,false,0
236,0.4261549621491821,0.9519999999999998,false,0
237,0.37615496214918226,0.9519999999999998,false,0
238,0.3261549621491822,0.9519999999999998,false,0
239,0.2761549621491824,0.9519999999999998,false,0
240,0.22615496214918226,0.9519999999999998,true,0
241,0.2761549621491824,0.9519999999999998,true,0
242,0.3261549621491822,0.9519999999999998,true,0
243,0.37615496214918226,0.9519999999999998,true,0
244,0.4261549621491821,0.9519999999999998,true,0
245,0.47615496214918246,0.9519999999999998,true,0
246,0.5261549621491821,0.9519999999999998,true,0
247,0.5761549621491823,0.9519999999999998,true,0
248,0.6261549621491825,0.9519999999999998,true,0
249,0.6761549621491821,0.9519999999999998,true,0
250,0.7261549621491824,0.9519999999999998,true,21
251,0.7761549621491828,0.9519999999999998,true,23
252,0.8261549621491827,0.9519999999999998,true,23
253,0.8761549621491825,0.9528,true,23
254,0.9261549621491822,0.9536000000000001,true,25
255,0.9761549621491825,0.9544,false,25
256,0.9261549621491822,0.9552,false,25
257,0.8761549621491825,0.9560000000000001,false,23
258,0.8261549621491827,0.9560000000000001,false,23
259,0.7761549621491828,0.9560000000000001,false,23
260,0.7261549621491824,0.9560000000000001,false,21
261,0.6761549621491821,0.9560000000000001,false,0
262,0.6261549621491825,0.9560000000000001,false,0
263,0.5761549621491823,0.9560000000000001,false,0
264,0.5261549621491821,0.9560000000000001,false,0
265,0.47615496214918246,0.9560000000000001,false,0
266,0.4261549621491821,0.9560000000000001,false,0
267,0.37615496214918226,0.9560000000000001,false,0
268,0.3261549621491822,0.9560000000000001,false,0
269,0.2761549621491824,0.9560000000000001,false,0
270,0.22615496214918226,0.9560000000000001,true,0
271,0.2761549621491824,0.9560000000000001,true,0
272,0.3261549621491822,0.9560000000000001,true,0
273,0.37615496214918226,0.9560000000000001,true,0
274,0.4261549621491821,0.9560000000000001,true,0
275,0.47615496214918246,0.9560000000000001,true,0
276,0.5261549621491821,0.9560000000000001,true,0
277,0.5761549621491823,0.9560000000000001,true,0
278,0.6261549621491825,0.9560000000000001,true,0
279,0.6761549621491821,0.9560000000000001,true,0
280,0.7261549621491824,0.9560000000000001,true,21
281,0.7761549621491828,0.9560000000000001,true,23
282,0.8261549621491827,0.9560000000000001,true,23
283,0.8761549621491825,0.9568000000000001,true,23
284,0.9261549621491822,0.9575999999999999,true,25
285,0.9761549621491825,0.9584,false,25
286,0.9261549621491822,0.9592000000000002,false,25
287,0.8761549621491825,0.96,false,23
288,0.8261549621491827,0.96,false,23
289,0.7761549621491828,0.96,false,23
290,0.7261549621491824,0.96,false,21
291,0.6761549621491821,0.96,false,0
292,0.6261549621491825,0.96,false,0
293,0.5761549621491823,0.96,false,0
294,0.5261549621491821,0.96,false,0
295,0.47615496214918246,0.96,false,0
296,0.4261549621491821,0.96,false,0
297,0.37615496214918226,0.96,false,0
298,0.3261549621491822,0.96,false,0
299,0.2761549621491824,0.96,false,0
300,0.22615496214918226,0.96,true,0
301,0.2761549621491824,0.96,true,0
302,0.3261549621491822,0.96,true,0
303,0.37615496214918226,0.96,true,0
304,0.4261549621491821,0.96,true,0
305,0.47615496214918246,0.96,true,0
306,0.5261549621491821,0.96,true,0
307,0.5761549621491823,0.96,true,0
308,0.6261549621491825,0.96,true,0
309,0.6761549621491821,0.96,true,0
310,0.7261549621491824,0.96,true,21
311,0.7761549621491828,0.96,true,23
312,0.8261549621491827,0.96,true,23
313,0.8761549621491825,0.96,true,23
314,0.9261549621491822,0.96,true,25
315,0.9761549621491825,0.96,false,25
316,0.9261549621491822,0.96,false,25
317,0.8761549621491825,0.96,false,23
318,0.8261549621491827,0.96,false,23
319,0.7761549621491828,0.96,false,23
320,0.7261549621491824,0.96,false,21
321,0.6761549621491821,0.96,false,0
322,0.6261549621491825,0.96,false,0
323,0.5761549621491823,0.96,false,0
324,0.5261549621491821,0.96,false,0
325,0.47615496214918246,0.96,false,0
326,0.4261549621491821,0.96,false,0
327,0.37615496214918226,0.96,false,0
328,0.3261549621491822,0.96,false,0
329,0.2761549621491824,0.96,false,0
330,0.22615496214918226,0.96,true,0
331,0.2761549621491824,0.96,true,0
332,0.3261549621491822,0.96,true,0
333,0.37615496214918226,0.96,true,0
334,0.4261549621491821,0.96,true,0
335,0.47615496214918246,0.96,true,0
336,0.5261549621491821,0.96,true,0
337,0.5761549621491823,0.96,true,0
338,0.6261549621491825,0.96,true,0
339,0.6761549621491821,0.96,true,0
340,0.7261549621491824,0.96,true,21
341,0.7761549621491828,0.96,true,23
342,0.8261549621491827,0.96,true,23
343,0.8761549621491825,0.96,true,23
344,0.9261549621491822,0.96,true,25
345,0.9761549621491825,0.96,false,25
346,0.9261549621491822,0.96,false,25
347,0.8761549621491825,0.96,false,23
348,0.8261549621491827,0.96,false,23
349,0.7761549621491828,0.96,false,23
350,0.7261549621491824,0.96,false,21
351,0.6761549621491821,0.96,false,0
352,0.6261549621491825,0.96,false,0
353,0.5761549621491823,0.96,false,0
354,0.5261549621491821,0.96,false,0
355,0.47615496214918246,0.96,false,0
356,0.4261549621491821,0.96,false,0
357,0.37615496214918226,0.96,false,0
358,0.3261549621491822,0.96,false,0
359,0.2761549621491824,0.96,false,0
360,0.22615496214918226,0.96,true,0
361,0.2761549621491824,0.96,true,0
362,0.3261549621491822,0.96,true,0
363,0.37615496214918226,0.96,true,0
364,0.4261549621491821,0.96,true,0
365,0.47615496214918246,0.96,true,0
366,0.5261549621491821,0.96,true,0
367,0.5761549621491823,0.96,true,0
368,0.6261549621491825,0.96,true,0
369,0.6761549621491821,0.96,true,0
370,0.7261549621491824,0.96,true,21
371,0.7761549621491828,0.96,true,23
372,0.8261549621491827,0.96,true,23
373,0.8761549621491825,0.96,true,23
374,0.9261549621491822,0.96,true,25
375,0.9761549621491825,0.96,false,25
376,0.9261549621491822,0.96,false,25
377,0.8761549621491825,0.96,false,23
378,0.8261549621491827,0.96,false,23
379,0.7761549621491828,0.96,false,23
380,0.7261549621491824,0.96,false,21
381,0.6761549621491821,0.96,false,0
382,0.6261549621491825,0.96,false,0
383,0.5761549621491823,0.96,false,0
384,0.5261549621491821,0.96,false,0
385,0.47615496214918246,0.96,false,0
386,0.4261549621491821,0.96,false,0
387,0.37615496214918226,0.96,false,0
388,0.3261549621491822,0.96,false,0
389,0.2761549621491824,0.96,false,0
390,0.22615496214918226,0.96,true,0
391,0.2761549621491824,0.96,true,0
392,0.3261549621491822,0.96,true,0
393,0.37615496214918226,0.96,true,0
394,0.4261549621491821,0.96,true,0
395,0.47615496214918246,0.96,true,0
396,0.5261549621491821,0.96,true,0
397,0.5761549621491823,0.96,true,0
398,0.6261549621491825,0.96,true,0
399,0.6761549621491821,0.96,true,0
400,0.7261549621491824,0.96,true,21
401,0.7761549621491828,0.96,true,23
402,0.8261549621491827,0.96,true,23
403,0.8761549621491825,0.96,true,23
404,0.9261549621491822,0.96,true,25
405,0.9761549621491825,0.96,false,25
406,0.9261549621491822,0.96,false,25
407,0.8761549621491825,0.96,false,23
408,0.8261549621491827,0.96,false,23
409,0.7761549621491828,0.96,false,23
410,0.7261549621491824,0.96,false,21
411,0.6761549621491821,0.96,false,0
412,0.6261549621491825,0.96,false,0
413,0.5761549621491823,0.96,false,0
414,0.5261549621491821,0.96,false,0
415,0.47615496214918246,0.96,false,0
416,0.4261549621491821,0.96,false,0
417,0.37615496214918226,0.96,false,0
418,0.3261549621491822,0.96,false,0
419,0.2761549621491824,0.96,false,0
420,0.22615496214918226,0.96,true,0
421,0.2761549621491824,0.96,true,0
422,0.3261549621491822,0.96,true,0
423,0.37615496214918226,0.96,true,0
424,0.4261549621491821,0.96,true,0
425,0.47615496214918246,0.96,true,0
426,0.5261549621491821,0.96,true,0
427,0.5761549621491823,0.96,true,0
428,0.6261549621491825,0.96,true,0
429,0.6761549621491821,0.96,true,0
430,0.7261549621491824,0.96,true,21
431,0.7761549621491828,0.96,true,23
432,0.8261549621491827,0.96,true,23
433,0.8761549621491825,0.96,true,23
434,0.9261549621491822,0.96,true,25
435,0.9761549621491825,0.96,false,25
436,0.9261549621491822,0.96,false,25
437,0.8761549621491825,0.96,false,23
438,0.8261549621491827,0.96,false,23
439,0.7761549621491828,0.96,false,23
440,0.7261549621491824,0.96,false,21
441,0.6761549621491821,0.96,false,0
442,0.6261549621491825,0.96,false,0
443,0.5761549621491823,0.96,false,0
444,0.5261549621491821,0.96,false,0
445,0.47615496214918246,0.96,false,0
446,0.4261549621491821,0.96,false,0
447,0.37615496214918226,0.96,false,0
448,0.3261549621491822,0.96,false,0
449,0.2761549621491824,0.96,false,0
450,0.22615496214918226,0.96,true,0
451,0.2761549621491824,0.96,true,0
452,0.3261549621491822,0.96,true,0
453,0.37615496214918226,0.96,true,0
454,0.4261549621491821,0.96,true,0
455,0.47615496214918246,0.96,true,0
456,0.5261549621491821,0.96,true,0
457,0.5761549621491823,0.96,true,0
458,0.6261549621491825,0.96,true,0
459,0.6761549621491821,0.96,true,0
460,0.7261549621491824,0.96,true,21
461,0.7761549621491828,0.96,true,23
462,0.8261549621491827,0.96,true,23
463,0.8761549621491825,0.96,true,23
464,0.9261549621491822,0.96,true,25
465,0.9761549621491825,0.96,false,25
466,0.9261549621491822,0.96,false,25
467,0.8761549621491825,0.96,false,23
468,0.8261549621491827,0.96,false,23
469,0.7761549621491828,0.96,false,23
470,0.7261549621491824,0.96,false,21
471,0.6761549621491821,0.96,false,0
472,0.6261549621491825,0.96,false,0
473,0.5761549621491823,0.96,false,0
474,0.5261549621491821,0.96,false,0
475,0.47615496214918246,0.96,false,0
476,0.4261549621491821,0.96,false,0
477,0.37615496214918226,0.96,false,0
478,0.3261549621491822,0.96,false,0
479,0.2761549621491824,0.96,false,0
480,0.22615496214918226,0.96,true,0
481,0.2761549621491824,0.96,true,0
482,0.3261549621491822,0.96,true,0
483,0.37615496214918226,0.96,true,0
484,0.4261549621491821,0.96,true,0
485,0.47615496214918246,0.96,true,0
486,0.5261549621491821,0.96,true,0
487,0.5761549621491823,0.96,true,0
488,0.6261549621491825,0.96,true,0
489,0.6761549621491821,0.96,true,0
490,0.7261549621491824,0.96,true,21
491,0.7761549621491828,0.96,true,23
492,0.8261549621491827,0.96,true,23
493,0.8761549621491825,0.96,true,23
494,0.9261549621491822,0.96,true,25
495,0.9761549621491825,0.96,false,25
496,0.9261549621491822,0.96,false,25
497,0.8761549621491825,0.96,false,23
498,0.8261549621491827,0.96,false,23
499,0.7761549621491828,0.96,false,23
500,0.7261549621491824,0.96,false,21
501,0.6761549621491821,0.96,false,0
502,0.6261549621491825,0.96,false,0
503,0.5761549621491823,0.96,false,0
504,0.5261549621491821,0.96,false,0
505,0.47615496214918246,0.96,false,0
506,0.4261549621491821,0.96,false,0
507,0.37615496214918226,0.96,false,0
508,0.3261549621491822,0.96,false,0
509,0.2761549621491824,0.96,false,0
510,0.22615496214918226,0.96,true,0
511,0.2761549621491824,0.96,true,0
512,0.3261549621491822,0.96,true,0
513,0.37615496214918226,0.96,true,0
514,0.4261549621491821,0.96,true,0
515,0.47615496214918246,0.96,true,0
516,0.5261549621491821,0.96,true,0
517,0.5761549621491823,0.96,true,0
518,0.6261549621491825,0.96,true,0
519,0.6761549621491821,0.96,true,0
520,0.7261549621491824,0.96,true,21
521,0.7761549621491828,0.96,true,23
522,0.8261549621491827,0.96,true,23
523,0.8761549621491825,0.96,true,23
524,0.9261549621491822,0.96,true,25
525,0.9761549621491825,0.96,false,25
526,0.9261549621491822,0.96,false,25
527,0.8761549621491825,0.96,false,23
528,0.8261549621491827,0.96,false,23
529,0.7761549621491828,0.96,false,23
530,0.7261549621491824,0.96,false,21
531,0.6761549621491821,0.96,false,0
532,0.6261549621491825,0.96,false,0
533,0.5761549621491823,0.96,false,0
534,0.5261549621491821,0.96,false,0
535,0.47615496214918246,0.96,false,0
536,0.4261549621491821,0.96,false,0
537,0.37615496214918226,0.96,false,0
538,0.3261549621491822,0.96,false,0
539,0.2761549621491824,0.96,false,0
540,0.22615496214918226,0.96,true,0
541,0.2761549621491824,0.96,true,0
542,0.3261549621491822,0.96,true,0
543,0.37615496214918226,0.96,true,0
544,0.4261549621491821,0.96,true,0
545,0.47615496214918246,0.96,true,0
546,0.5261549621491821,0.96,true,0
547,0.5761549621491823,0.96,true,0
548,0.6261549621491825,0.96,true,0
549,0.6761549621491821,0.96,true,0
550,0.7261549621491824,0.96,true,21
551,0.7761549621491828,0.96,true,23
552,0.8261549621491827,0.96,true,23
553,0.8761549621491825,0.96,true,23
554,0.9261549621491822,0.96,true,25
555,0.9761549621491825,0.96,false,25
556,0.9261549621491822,0.96,false,25
557,0.8761549621491825,0.96,false,23
558,0.8261549621491827,0.96,false,23
559,0.7761549621491828,0.96,false,23
560,0.7261549621491824,0.96,false,21
561,0.6761549621491821,0.96,false,0
562,0.6261549621491825,0.96,false,0
563,0.5761549621491823,0.96,false,0
564,0.5261549621491821,0.96,false,0
565,0.47615496214918246,0.96,false,0
566,0.4261549621491821,0.96,false,0
567,0.37615496214918226,0.96,false,0
568,0.3261549621491822,0.96,false,0
569,0.2761549621491824,0.96,false,0
570,0.22615496214918226,0.96,true,0
571,0.2761549621491824,0.96,true,0
572,0.3261549621491822,0.96,true,0
573,0.37615496214918226,0.96,true,0
574,0.4261549621491821,0.96,true,0
575,0.47615496214918246,0.96,true,0
576,0.5261549621491821,0.96,true,0
577,0.5761549621491823,0.96,true,0
578,0.6261549621491825,0.96,true,0
579,0.6761549621491821,0.96,true,0
580,0.7261549621491824,0.96,true,21
581,0.7761549621491828,0.96,true,23
582,0.8261549621491827,0.96,true,23
583,0.8761549621491825,0.96,true,23
584,0.9261549621491822,0.96,true,25
585,0.9761549621491825,0.96,false,25
586,0.9261549621491822,0.96,false,25
587,0.8761549621491825,0.96,false,23
588,0.8261549621491827,0.96,false,23
589,0.7761549621491828,0.96,false,23
590,0.7261549621491824,0.96,false,21
591,0.6761549621491821,0.96,false,0
592,0.6261549621491825,0.96,false,0
593,0.5761549621491823,0.96,false,0
594,0.5261549621491821,0.96,false,0
595,0.47615496214918246,0.96,false,0
596,0.4261549621491821,0.96,false,0
597,0.37615496214918226,0.96,false,0
598,0.3261549621491822,0.96,false,0
599,0.2761549621491824,0.96,false,0
600,0.22615496214918226,0.96,true,0
601,0.2761549621491824,0.96,true,0
602,0.3261549621491822,0.96,true,0
603,0.37615496214918226,0.96,true,0
604,0.4261549621491821,0.96,true,0
605,0.47615496214918246,0.96,true,0
606,0.5261549621491821,0.96,true,0
607,0.5761549621491823,0.96,true,0
608,0.6261549621491825,0.96,true,0
609,0.6761549621491821,0.96,true,0
610,0.7261549621491824,0.96,true,21
611,0.7761549621491828,0.96,true,23
612,0.8261549621491827,0.96,true,23
613,0.8761549621491825,0.96,true,23
614,0.9261549621491822,0.96,true,25
615,0.9761549621491825,0.96,false,25
616,0.9261549621491822,0.96,false,25
617,0.8761549621491825,0.96,false,23
618,0.8261549621491827,0.96,false,23
619,0.7761549621491828,0.96,false,23
620,0.7261549621491824,0.96,false,21
621,0.6761549621491821,0.96,false,0
622,0.6261549621491825,0.96,false,0
623,0.5761549621491823,0.96,false,0
624,0.5261549621491821,0.96,false,0
625,0.47615496214918246,0.96,false,0
626,0.4261549621491821,0.96,false,0
627,0.37615496214918226,0.96,false,0
628,0.3261549621491822,0.96,false,0
629,0.2761549621491824,0.96,false,0
630,0.22615496214918226,0.96,true,0
631,0.2761549621491824,0.96,true,0
632,0.3261549621491822,0.96,true,0
633,0.37615496214918226,0.96,true,0
634,0.4261549621491821,0.96,true,0
635,0.47615496214918246,0.96,true,0
636,0.5261549621491821,0.96,true,0
637,0.5761549621491823,0.96,true,0
638,0.6261549621491825,0.96,true,0
639,0.6761549621491821,0.96,true,0
640,0.7261549621491824,0.96,true,21
641,0.7761549621491828,0.96,true,23
642,0.8261549621491827,0.96,true,23
643,0.8761549621491825,0.96,true,23
644,0.9261549621491822,0.96,true,25
645,0.9761549621491825,0.96,false,25
646,0.9261549621491822,0.96,false,25
647,0.8761549621491825,0.96,false,23
648,0.8261549621491827,0.96,false,23
649,0.7761549621491828,0.96,false,23
650,0.7261549621491824,0.96,false,21
651,0.6761549621491821,0.96,false,0
652,0.6261549621491825,0.96,false,0
653,0.5761549621491823,0.96,false,0
654,0.5261549621491821,0.96,false,0
655,0.47615496214918246,0.96,false,0
656,0.4261549621491821,0.96,false,0
657,0.37615496214918226,0.96,false,0
658,0.3261549621491822,0.96,false,0
659,0.2761549621491824,0.96,false,0
660,0.22615496214918226,0.96,true,0
661,0.2761549621491824,0.96,true,0
662,0.3261549621491822,0.96,true,0
663,0.37615496214918226,0.96,true,0
664,0.4261549621491821,0.96,true,0
665,0.47615496214918246,0.96,true,0
666,0.5261549621491821,0.96,true,0
667,0.5761549621491823,0.96,true,0
668,0.6261549621491825,0.96,true,0
669,0.6761549621491821,0.96,true,0
670,0.7261549621491824,0.96,true,21
671,0.7761549621491828,0.96,true,23
672,0.8261549621491827,0.96,true,23
673,0.8761549621491825,0.96,true,23
674,0.9261549621491822,0.96,true,25
675,0.9761549621491825,0.96,false,25
676,0.9261549621491822,0.96,false,25
677,0.8761549621491825,0.96,false,23
678,0.8261549621491827,0.96,false,23
679,0.7761549621491828,0.96,false,23
680,0.7261549621491824,0.96,false,21
681,0.6761549621491821,0.96,false,0
682,0.6261549621491825,0.96,false,0
683,0.5761549621491823,0.96,false,0
684,0.5261549621491821,0.96,false,0
685,0.47615496214918246,0.96,false,0
686,0.4261549621491821,0.96,false,0
687,0.37615496214918226,0.96,false,0
688,0.3261549621491822,0.96,false,0
689,0.2761549621491824,0.96,false,0
690,0.22615496214918226,0.96,true,0
691,0.2761549621491824,0.96,true,0
692,0.3261549621491822,0.96,true,0
693,0.37615496214918226,0.96,true,0
694,0.4261549621491821,0.96,true,0
695,0.47615496214918246,0.96,true,0
696,0.5261549621491821,0.96,true,0
697,0.5761549621491823,0.96,true,0
698,0.6261549621491825,0.96,true,0
699,0.6761549621491821,0.96,true,0
700,0.7261549621491824,0.96,true,21
701,0.7761549621491828,0.96,true,23
702,0.8261549621491827,0.96,true,23
703,0.8761549621491825,0.96,true,23
704,0.9261549621491822,0.96,true,25
705,0.9761549621491825,0.96,false,25
706,0.9261549621491822,0.96,false,25
707,0.8761549621491825,0.96,false,23
708,0.8261549621491827,0.96,false,23
709,0.7761549621491828,0.96,false,23
710,0.7261549621491824,0.96,false,21
711,0.6761549621491821,0.96,false,0
712,0.6261549621491825,0.96,false,0
713,0.5761549621491823,0.96,false,0
714,0.5261549621491821,0.96,false,0
715,0.47615496214918246,0.96,false,0
716,0.4261549621491821,0.96,false,0
717,0.37615496214918226,0.96,false,0
718,0.3261549621491822,0.96,false,0
719,0.2761549621491824,0.96,false,0
720,0.22615496214918226,0.96,true,0
721,0.2761549621491824,0.96,true,0
722,0.3261549621491822,0.96,true,0
723,0.37615496214918226,0.96,true,0
724,0.4261549621491821,0.96,true,0
725,0.47615496214918246,0.96,true,0
726,0.5261549621491821,0.96,true,0
727,0.5761549621491823,0.96,true,0
728,0.6261549621491825,0.96,true,0
729,0.6761549621491821,0.96,true,0
730,0.7261549621491824,0.96,true,21
731,0.7761549621491828,0.96,true,23
732,0.8261549621491827,0.96,true,23
733,0.8761549621491825,0.96,true,23
734,0.9261549621491822,0.96,true,25
735,0.9761549621491825,0.96,false,25
736,0.9261549621491822,0.96,false,25
737,0.8761549621491825,0.96,false,23
738,0.8261549621491827,0.96,false,23
739,0.7761549621491828,0.96,false,23
740,0.7261549621491824,0.96,false,21
741,0.6761549621491821,0.96,false,0
742,0.6261549621491825,0.96,false,0
743,0.5761549621491823,0.96,false,0
744,0.5261549621491821,0.96,false,0
745,0.47615496214918246,0.96,false,0
746,0.4261549621491821,0.96,false,0
747,0.37615496214918226,0.96,false,0
748,0.3261549621491822,0.96,false,0
749,0.2761549621491824,0.96,false,0
750,0.22615496214918226,0.96,true,0
751,0.2761549621491824,0.96,true,0
752,0.3261549621491822,0.96,true,0
753,0.37615496214918226,0.96,true,0
754,0.4261549621491821,0.96,true,0
755,0.47615496214918246,0.96,true,0
756,0.5261549621491821,0.96,true,0
757,0.5761549621491823,0.96,true,0
758,0.6261549621491825,0.96,true,0
759,0.6761549621491821,0.96,true,0
760,0.7261549621491824,0.96,true,21
761,0.7761549621491828,0.96,true,23
762,0.8261549621491827,0.96,true,23
763,0.8761549621491825,0.96,true,23
764,0.9261549621491822,0.96,true,25
765,0.9761549621491825,0.96,false,25
766,0.9261549621491822,0.96,false,25
767,0.8761549621491825,0.96,false,23
768,0.8261549621491827,0.96,false,23
769,0.7761549621491828,0.96,false,23
770,0.7261549621491824,0.96,false,21
771,0.6761549621491821,0.96,false,0
772,0.6261549621491825,0.96,false,0
773,0.5761549621491823,0.96,false,0
774,0.5261549621491821,0.96,false,0
775,0.47615496214918246,0.96,false,0
776,0.4261549621491821,0.96,false,0
777,0.37615496214918226,0.96,false,0
778,0.3261549621491822,0.96,false,0
779,0.2761549621491824,0.96,false,0
780,0.22615496214918226,0.96,true,0
781,0.2761549621491824,0.96,true,0
782,0.3261549621491822,0.96,true,0
783,0.37615496214918226,0.96,true,0
784,0.4261549621491821,0.96,true,0
785,0.47615496214918246,0.96,true,0
786,0.5261549621491821,0.96,true,0
787,0.5761549621491823,0.96,true,0
788,0.6261549621491825,0.96,true,0
789,0.6761549621491821,0.96,true,0
790,0.7261549621491824,0.96,true,21
791,0.7761549621491828,0.96,true,23
792,0.8261549621491827,0.96,true,23
793,0.8761549621491825,0.96,true,23
794,0.9261549621491822,0.96,true,25
795,0.9761549621491825,0.96,false,25
796,0.9261549621491822,0.96,false,25
797,0.8761549621491825,0.96,false,23
798,0.8261549621491827,0.96,false,23
799,0.7761549621491828,0.96,false,23
800,0.7261549621491824,0.96,false,21
801,0.6761549621491821,0.96,false,0
802,0.6261549621491825,0.96,false,0
803,0.5761549621491823,0.96,false,0
804,0.5261549621491821,0.96,false,0
805,0.47615496214918246,0.96,false,0
806,0.4261549621491821,0.96,false,0
807,0.37615496214918226,0.96,false,0
808,0.3261549621491822,0.96,false,0
809,0.2761549621491824,0.96,false,0
810,0.22615496214918226,0.96,true,0
811,0.2761549621491824,0.96,true,0
812,0.3261549621491822,0.96,true,0
813,0.37615496214918226,0.96,true,0
814,0.4261549621491821,0.96,true,0
815,0.47615496214918246,0.96,true,0
816,0.5261549621491821,0.96,true,0
817,0.5761549621491823,0.96,true,0
818,0.6261549621491825,0.96,true,0
819,0.6761549621491821,0.96,true,0
820,0.7261549621491824,0.96,true,21
821,0.7761549621491828,0.96,true,23
822,0.8261549621491827,0.96,true,23
823,0.8761549621491825,0.96,true,23
824,0.9261549621491822,0.96,true,25
825,0.9761549621491825,0.96,false,25
826,0.9261549621491822,0.96,false,25
827,0.8761549621491825,0.96,false,23
828,0.8261549621491827,0.96,false,23
829,0.7761549621491828,0.96,false,23
830,0.7261549621491824,0.96,false,21
831,0.6761549621491821,0.96,false,0
832,0.6261549621491825,0.96,false,0
833,0.5761549621491823,0.96,false,0
834,0.5261549621491821,0.96,false,0
835,0.47615496214918246,0.96,false,0
836,0.4261549621491821,0.96,false,0
837,0.37615496214918226,0.96,false,0
838,0.3261549621491822,0.96,false,0
839,0.2761549621491824,0.96,false,0
840,0.22615496214918226,0.96,true,0
841,0.2761549621491824,0.96,true,0
842,0.3261549621491822,0.96,true,0
843,0.37615496214918226,0.96,true,0
844,0.4261549621491821,0.96,true,0
845,0.47615496214918246,0.96,true,0
846,0.5261549621491821,0.96,true,0
847,0.5761549621491823,0.96,true,0
848,0.6261549621491825,0.96,true,0
849,0.6761549621491821,0.96,true,0
850,0.7261549621491824,0.96,true,21
851,0.7761549621491828,0.96,true,23
852,0.8261549621491827,0.96,true,23
853,0.8761549621491825,0.96,true,23
854,0.9261549621491822,0.96,true,25
855,0.9761549621491825,0.96,false,25
856,0.9261549621491822,0.96,false,25
857,0.8761549621491825,0.96,false,23
858,0.8261549621491827,0.96,false,23
859,0.7761549621491828,0.96,false,23
860,0.7261549621491824,0.96,false,21
861,0.6761549621491821,0.96,false,0
862,0.6261549621491825,0.96,false,0
863,0.5761549621491823,0.96,false,0
864,0.5261549621491821,0.96,false,0
865,0.47615496214918246,0.96,false,0
866,0.4261549621491821,0.96,false,0
867,0.37615496214918226,0.96,false,0
868,0.3261549621491822,0.96,false,0
869,0.2761549621491824,0.96,false,0
870,0.22615496214918226,0.96,true,0
871,0.2761549621491824,0.96,true,0
872,0.3261549621491822,0.96,true,0
873,0.37615496214918226,0.96,true,0
874,0.4261549621491821,0.96,true,0
875,0.47615496214918246,0.96,true,0
876,0.5261549621491821,0.96,true,0
877,0.5761549621491823,0.96,true,0
878,0.6261549621491825,0.96,true,0
879,0.6761549621491821,0.96,true,0
880,0.7261549621491824,0.96,true,21
881,0.7761549621491828,0.96,true,23
882,0.8261549621491827,0.96,true,23
883,0.8761549621491825,0.96,true,23
884,0.9261549621491822,0.96,true,25
885,0.9761549621491825,0.96,false,25
886,0.9261549621491822,0.96,false,25
887,0.8761549621491825,0.96,false,23
888,0.8261549621491827,0.96,false,23
889,0.7761549621491828,0.96,false,23
890,0.7261549621491824,0.96,false,21
891,0.6761549621491821,0.96,false,0
892,0.6261549621491825,0.96,false,0
893,0.5761549621491823,0.96,false,0
894,0.5261549621491821,0.96,false,0
895,0.47615496214918246,0.96,false,0
896,0.4261549621491821,0.96,false,0
897,0.37615496214918226,0.96,false,0
898,0.3261549621491822,0.96,false,0
899,0.2761549621491824,0.96,false,0
900,0.22615496214918226,0.96,true,0
901,0.2761549621491824,0.96,true,0
902,0.3261549621491822,0.96,true,0
903,0.37615496214918226,0.96,true,0
904,0.4261549621491821,0.96,true,0
905,0.47615496214918246,0.96,true,0
906,0.5261549621491821,0.96,true,0
907,0.5761549621491823,0.96,true,0
908,0.6261549621491825,0.96,true,0
909,0.6761549621491821,0.96,true,0
910,0.7261549621491824,0.96,true,21
911,0.7761549621491828,0.96,true,23
912,0.8261549621491827,0.96,true,23
913,0.8761549621491825,0.96,true,23
914,0.9261549621491822,0.96,true,25
915,0.9761549621491825,0.96,false,25
916,0.9261549621491822,0.96,false,25
917,0.8761549621491825,0.96,false,23
918,0.8261549621491827,0.96,false,23
919,0.7761549621491828,0.96,false,23
920,0.7261549621491824,0.96,false,21
921,0.6761549621491821,0.96,false,0
